[{"model": "admin.logentry", "pk": 2, "fields": {"action_time": "2025-03-16T14:18:11.178Z", "user": 3, "content_type": 7, "object_id": "32922bbf-bf63-4260-9fd5-4fbaf1694eaf", "object_repr": "Male", "action_flag": 1, "change_message": "[{\"added\": {}}]"}}, {"model": "admin.logentry", "pk": 3, "fields": {"action_time": "2025-03-16T14:18:33.315Z", "user": 3, "content_type": 7, "object_id": "005fdd27-d5b4-473c-82e8-7c0a15552352", "object_repr": "Female", "action_flag": 1, "change_message": "[{\"added\": {}}]"}}, {"model": "admin.logentry", "pk": 4, "fields": {"action_time": "2025-03-16T14:42:47.697Z", "user": 3, "content_type": 6, "object_id": "4", "object_repr": "testclient", "action_flag": 3, "change_message": ""}}, {"model": "admin.logentry", "pk": 5, "fields": {"action_time": "2025-03-16T14:42:53.793Z", "user": 3, "content_type": 6, "object_id": "2", "object_repr": "User", "action_flag": 3, "change_message": ""}}, {"model": "admin.logentry", "pk": 6, "fields": {"action_time": "2025-03-16T14:56:41.809Z", "user": 3, "content_type": 3, "object_id": "2", "object_repr": "admin", "action_flag": 1, "change_message": "[{\"added\": {}}]"}}, {"model": "admin.logentry", "pk": 7, "fields": {"action_time": "2025-03-16T14:57:15.763Z", "user": 3, "content_type": 6, "object_id": "4", "object_repr": "testaccount1", "action_flag": 2, "change_message": "[{\"changed\": {\"fields\": [\"Staff status\", \"Permissions\"]}}]"}}, {"model": "admin.logentry", "pk": 8, "fields": {"action_time": "2025-03-16T14:58:03.314Z", "user": 3, "content_type": 6, "object_id": "4", "object_repr": "testaccount1", "action_flag": 2, "change_message": "[{\"changed\": {\"fields\": [\"Superuser status\"]}}]"}}, {"model": "admin.logentry", "pk": 9, "fields": {"action_time": "2025-03-16T14:58:19.180Z", "user": 3, "content_type": 6, "object_id": "4", "object_repr": "testaccount1", "action_flag": 2, "change_message": "[{\"changed\": {\"fields\": [\"Groups\"]}}]"}}, {"model": "admin.logentry", "pk": 10, "fields": {"action_time": "2025-03-16T15:07:09.505Z", "user": 4, "content_type": 8, "object_id": "9364d305-f855-482b-8537-fc0891b1d5b2", "object_repr": "Marco", "action_flag": 1, "change_message": "[{\"added\": {}}]"}}, {"model": "admin.logentry", "pk": 54, "fields": {"action_time": "2025-04-11T20:37:48.243Z", "user": 3, "content_type": 14, "object_id": "1", "object_repr": "PARTNER", "action_flag": 1, "change_message": "[{\"added\": {}}]"}}, {"model": "admin.logentry", "pk": 55, "fields": {"action_time": "2025-04-11T20:47:43.764Z", "user": 3, "content_type": 11, "object_id": "24", "object_repr": "Order object (24)", "action_flag": 2, "change_message": "[]"}}, {"model": "admin.logentry", "pk": 56, "fields": {"action_time": "2025-04-11T21:53:13.675Z", "user": 3, "content_type": 3, "object_id": "2", "object_repr": "Admin", "action_flag": 2, "change_message": "[{\"changed\": {\"fields\": [\"Name\"]}}]"}}, {"model": "admin.logentry", "pk": 57, "fields": {"action_time": "2025-04-12T20:52:07.662Z", "user": 3, "content_type": 6, "object_id": "3", "object_repr": "admin", "action_flag": 2, "change_message": "[{\"changed\": {\"fields\": [\"Permissions\"]}}]"}}, {"model": "admin.logentry", "pk": 58, "fields": {"action_time": "2025-04-13T15:49:53.853Z", "user": 3, "content_type": 16, "object_id": "fa4a4aa5-6c26-4e0a-b176-f9fe994d0b6d", "object_repr": "LOUIS VUITTON SS25 EDITORIAL", "action_flag": 1, "change_message": "[{\"added\": {}}]"}}, {"model": "admin.logentry", "pk": 59, "fields": {"action_time": "2025-04-13T15:51:40.354Z", "user": 3, "content_type": 16, "object_id": "cc07c8c9-3cdf-416d-8ae3-e5f45e59e8ed", "object_repr": "PHILIPP PLEIN FALL WINTER 25 SHOW", "action_flag": 1, "change_message": "[{\"added\": {}}]"}}, {"model": "admin.logentry", "pk": 60, "fields": {"action_time": "2025-04-13T16:55:59.507Z", "user": 3, "content_type": 14, "object_id": "1", "object_repr": "PARTNER", "action_flag": 2, "change_message": "[]"}}, {"model": "auth.permission", "pk": 1, "fields": {"name": "Can add log entry", "content_type": 1, "codename": "add_logentry"}}, {"model": "auth.permission", "pk": 2, "fields": {"name": "Can change log entry", "content_type": 1, "codename": "change_logentry"}}, {"model": "auth.permission", "pk": 3, "fields": {"name": "Can delete log entry", "content_type": 1, "codename": "delete_logentry"}}, {"model": "auth.permission", "pk": 4, "fields": {"name": "Can view log entry", "content_type": 1, "codename": "view_logentry"}}, {"model": "auth.permission", "pk": 5, "fields": {"name": "Can add permission", "content_type": 2, "codename": "add_permission"}}, {"model": "auth.permission", "pk": 6, "fields": {"name": "Can change permission", "content_type": 2, "codename": "change_permission"}}, {"model": "auth.permission", "pk": 7, "fields": {"name": "Can delete permission", "content_type": 2, "codename": "delete_permission"}}, {"model": "auth.permission", "pk": 8, "fields": {"name": "Can view permission", "content_type": 2, "codename": "view_permission"}}, {"model": "auth.permission", "pk": 9, "fields": {"name": "Can add group", "content_type": 3, "codename": "add_group"}}, {"model": "auth.permission", "pk": 10, "fields": {"name": "Can change group", "content_type": 3, "codename": "change_group"}}, {"model": "auth.permission", "pk": 11, "fields": {"name": "Can delete group", "content_type": 3, "codename": "delete_group"}}, {"model": "auth.permission", "pk": 12, "fields": {"name": "Can view group", "content_type": 3, "codename": "view_group"}}, {"model": "auth.permission", "pk": 13, "fields": {"name": "Can add content type", "content_type": 4, "codename": "add_contenttype"}}, {"model": "auth.permission", "pk": 14, "fields": {"name": "Can change content type", "content_type": 4, "codename": "change_contenttype"}}, {"model": "auth.permission", "pk": 15, "fields": {"name": "Can delete content type", "content_type": 4, "codename": "delete_contenttype"}}, {"model": "auth.permission", "pk": 16, "fields": {"name": "Can view content type", "content_type": 4, "codename": "view_contenttype"}}, {"model": "auth.permission", "pk": 17, "fields": {"name": "Can add session", "content_type": 5, "codename": "add_session"}}, {"model": "auth.permission", "pk": 18, "fields": {"name": "Can change session", "content_type": 5, "codename": "change_session"}}, {"model": "auth.permission", "pk": 19, "fields": {"name": "Can delete session", "content_type": 5, "codename": "delete_session"}}, {"model": "auth.permission", "pk": 20, "fields": {"name": "Can view session", "content_type": 5, "codename": "view_session"}}, {"model": "auth.permission", "pk": 21, "fields": {"name": "Can add user", "content_type": 6, "codename": "add_customuser"}}, {"model": "auth.permission", "pk": 22, "fields": {"name": "Can change user", "content_type": 6, "codename": "change_customuser"}}, {"model": "auth.permission", "pk": 23, "fields": {"name": "Can delete user", "content_type": 6, "codename": "delete_customuser"}}, {"model": "auth.permission", "pk": 24, "fields": {"name": "Can view user", "content_type": 6, "codename": "view_customuser"}}, {"model": "auth.permission", "pk": 25, "fields": {"name": "Can add category", "content_type": 7, "codename": "add_category"}}, {"model": "auth.permission", "pk": 26, "fields": {"name": "Can change category", "content_type": 7, "codename": "change_category"}}, {"model": "auth.permission", "pk": 27, "fields": {"name": "Can delete category", "content_type": 7, "codename": "delete_category"}}, {"model": "auth.permission", "pk": 28, "fields": {"name": "Can view category", "content_type": 7, "codename": "view_category"}}, {"model": "auth.permission", "pk": 29, "fields": {"name": "Can add human", "content_type": 8, "codename": "add_human"}}, {"model": "auth.permission", "pk": 30, "fields": {"name": "Can change human", "content_type": 8, "codename": "change_human"}}, {"model": "auth.permission", "pk": 31, "fields": {"name": "Can delete human", "content_type": 8, "codename": "delete_human"}}, {"model": "auth.permission", "pk": 32, "fields": {"name": "Can view human", "content_type": 8, "codename": "view_human"}}, {"model": "auth.permission", "pk": 33, "fields": {"name": "Can add cart item", "content_type": 9, "codename": "add_cartitem"}}, {"model": "auth.permission", "pk": 34, "fields": {"name": "Can change cart item", "content_type": 9, "codename": "change_cartitem"}}, {"model": "auth.permission", "pk": 35, "fields": {"name": "Can delete cart item", "content_type": 9, "codename": "delete_cartitem"}}, {"model": "auth.permission", "pk": 36, "fields": {"name": "Can view cart item", "content_type": 9, "codename": "view_cartitem"}}, {"model": "auth.permission", "pk": 37, "fields": {"name": "Can add cart", "content_type": 10, "codename": "add_cart"}}, {"model": "auth.permission", "pk": 38, "fields": {"name": "Can change cart", "content_type": 10, "codename": "change_cart"}}, {"model": "auth.permission", "pk": 39, "fields": {"name": "Can delete cart", "content_type": 10, "codename": "delete_cart"}}, {"model": "auth.permission", "pk": 40, "fields": {"name": "Can view cart", "content_type": 10, "codename": "view_cart"}}, {"model": "auth.permission", "pk": 41, "fields": {"name": "Can add order", "content_type": 11, "codename": "add_order"}}, {"model": "auth.permission", "pk": 42, "fields": {"name": "Can change order", "content_type": 11, "codename": "change_order"}}, {"model": "auth.permission", "pk": 43, "fields": {"name": "Can delete order", "content_type": 11, "codename": "delete_order"}}, {"model": "auth.permission", "pk": 44, "fields": {"name": "Can view order", "content_type": 11, "codename": "view_order"}}, {"model": "auth.permission", "pk": 45, "fields": {"name": "Can add order item", "content_type": 12, "codename": "add_orderitem"}}, {"model": "auth.permission", "pk": 46, "fields": {"name": "Can change order item", "content_type": 12, "codename": "change_orderitem"}}, {"model": "auth.permission", "pk": 47, "fields": {"name": "Can delete order item", "content_type": 12, "codename": "delete_orderitem"}}, {"model": "auth.permission", "pk": 48, "fields": {"name": "Can view order item", "content_type": 12, "codename": "view_orderitem"}}, {"model": "auth.permission", "pk": 49, "fields": {"name": "Can add unavailable date", "content_type": 13, "codename": "add_unavailabledate"}}, {"model": "auth.permission", "pk": 50, "fields": {"name": "Can change unavailable date", "content_type": 13, "codename": "change_unavailabledate"}}, {"model": "auth.permission", "pk": 51, "fields": {"name": "Can delete unavailable date", "content_type": 13, "codename": "delete_unavailabledate"}}, {"model": "auth.permission", "pk": 52, "fields": {"name": "Can view unavailable date", "content_type": 13, "codename": "view_unavailabledate"}}, {"model": "auth.permission", "pk": 53, "fields": {"name": "Can add voucher", "content_type": 14, "codename": "add_voucher"}}, {"model": "auth.permission", "pk": 54, "fields": {"name": "Can change voucher", "content_type": 14, "codename": "change_voucher"}}, {"model": "auth.permission", "pk": 55, "fields": {"name": "Can delete voucher", "content_type": 14, "codename": "delete_voucher"}}, {"model": "auth.permission", "pk": 56, "fields": {"name": "Can view voucher", "content_type": 14, "codename": "view_voucher"}}, {"model": "auth.permission", "pk": 57, "fields": {"name": "Can add review", "content_type": 15, "codename": "add_review"}}, {"model": "auth.permission", "pk": 58, "fields": {"name": "Can change review", "content_type": 15, "codename": "change_review"}}, {"model": "auth.permission", "pk": 59, "fields": {"name": "Can delete review", "content_type": 15, "codename": "delete_review"}}, {"model": "auth.permission", "pk": 60, "fields": {"name": "Can view review", "content_type": 15, "codename": "view_review"}}, {"model": "auth.permission", "pk": 61, "fields": {"name": "Can add news article", "content_type": 16, "codename": "add_newsarticle"}}, {"model": "auth.permission", "pk": 62, "fields": {"name": "Can change news article", "content_type": 16, "codename": "change_newsarticle"}}, {"model": "auth.permission", "pk": 63, "fields": {"name": "Can delete news article", "content_type": 16, "codename": "delete_newsarticle"}}, {"model": "auth.permission", "pk": 64, "fields": {"name": "Can view news article", "content_type": 16, "codename": "view_newsarticle"}}, {"model": "auth.group", "pk": 1, "fields": {"name": "Client", "permissions": []}}, {"model": "auth.group", "pk": 2, "fields": {"name": "Admin", "permissions": [21, 22, 23, 24, 1, 2, 3, 4, 9, 10, 11, 12, 5, 6, 7, 8, 13, 14, 15, 16, 17, 18, 19, 20, 25, 26, 27, 28, 29, 30, 31, 32]}}, {"model": "contenttypes.contenttype", "pk": 1, "fields": {"app_label": "admin", "model": "logentry"}}, {"model": "contenttypes.contenttype", "pk": 2, "fields": {"app_label": "auth", "model": "permission"}}, {"model": "contenttypes.contenttype", "pk": 3, "fields": {"app_label": "auth", "model": "group"}}, {"model": "contenttypes.contenttype", "pk": 4, "fields": {"app_label": "contenttypes", "model": "contenttype"}}, {"model": "contenttypes.contenttype", "pk": 5, "fields": {"app_label": "sessions", "model": "session"}}, {"model": "contenttypes.contenttype", "pk": 6, "fields": {"app_label": "accounts", "model": "customuser"}}, {"model": "contenttypes.contenttype", "pk": 7, "fields": {"app_label": "sobaka", "model": "category"}}, {"model": "contenttypes.contenttype", "pk": 8, "fields": {"app_label": "sobaka", "model": "human"}}, {"model": "contenttypes.contenttype", "pk": 9, "fields": {"app_label": "cart", "model": "cartitem"}}, {"model": "contenttypes.contenttype", "pk": 10, "fields": {"app_label": "cart", "model": "cart"}}, {"model": "contenttypes.contenttype", "pk": 11, "fields": {"app_label": "order", "model": "order"}}, {"model": "contenttypes.contenttype", "pk": 12, "fields": {"app_label": "order", "model": "orderitem"}}, {"model": "contenttypes.contenttype", "pk": 13, "fields": {"app_label": "sobaka", "model": "unavailabledate"}}, {"model": "contenttypes.contenttype", "pk": 14, "fields": {"app_label": "vouchers", "model": "voucher"}}, {"model": "contenttypes.contenttype", "pk": 15, "fields": {"app_label": "sobaka", "model": "review"}}, {"model": "contenttypes.contenttype", "pk": 16, "fields": {"app_label": "sobaka", "model": "newsarticle"}}, {"model": "sessions.session", "pk": "79ditfhs8bvr45simema9zqetrp54yks", "fields": {"session_data": ".eJxVjk0OgjAYRO_StWkKtLS6dO8ZyPdXi5I2AerGeHchYaHbeTMv81YD1DUNdZF5GFldVKdOvxkCPSXvgB-Q70VTyes8ot4r-qCLvhWW6Xp0_wQJlrStz42PQoCGTIwibFwITSSwtrEMnkNAZnFgMbIXxA1RcM50ru19z-0mfZVK6biZ6zR9vnDDQA8:1u3LO8:a5lrjeeIejLssAlpcDYGjlSEAuM7TnnqjYNmimrwdtY", "expire_date": "2025-04-25T20:54:12.890Z"}}, {"model": "sessions.session", "pk": "cc7z7uvfxcc5yhxlaq3xldl6ufb32xs3", "fields": {"session_data": ".eJxVjE0OwiAYBe_C2hBooaBL956BfH9I1dCktCvj3W2TLnT7Zua9VYJ1KWltMqeR1UX16vS7IdBT6g74AfU-aZrqMo-od0UftOnbxPK6Hu7fQYFWtvpsQxYCNGRyFmHjY7SZwDnrGALHiMziwWHmIIgboui96X03hIE79fkCK6k5gg:1twmHc:HiKE-JbBXZ7W2qjXxILnaS5BGEyKkVqV96U48caWoxo", "expire_date": "2025-04-07T18:12:20.116Z"}}, {"model": "sessions.session", "pk": "hb503uvxpy7yv7dn1idstty5bffzyhce", "fields": {"session_data": ".eJxVjk0OgjAYRO_StWkKtLS6dO8ZyPdXi5I2AerGeHchYaHbeTMv81YD1DUNdZF5GFldVKdOvxkCPSXvgB-Q70VTyes8ot4r-qCLvhWW6Xp0_wQJlrStz42PQoCGTIwibFwITSSwtrEMnkNAZnFgMbIXxA1RcM50ru19z-0mfZVK6biZ6zR9vnDDQA8:1u3d6B:KVLY3QG2T32TDQG3dJbWGdUOZ9nsuTJ_H1DEin77weg", "expire_date": "2025-04-26T15:48:51.055Z"}}, {"model": "sessions.session", "pk": "idf9a4eix5zunbxy5zh62s8e1ysy3x97", "fields": {"session_data": ".eJxVjk0OgjAYRO_StWlaaGl16Z4zkO-vFjU0oeDGeHchYaHbeTMv81YDrEse1irzMLK6qFadfjMEesi0A77DdCuayrTMI-q9og9adV9Yntej-yfIUPO2PtuQhAANmZRE2PgYbSJwzjqGwDEis3hwmDgI4oYoem9a33Sh42aTvspK-bhpP1-xez6F:1u3LqY:8lIbRD-hS20h0IzsjM727tahIv_sQt4KR67TsD5Eijk", "expire_date": "2025-04-25T21:23:34.106Z"}}, {"model": "sessions.session", "pk": "ni5ctpkm74mdw096ymbyzsx75vksod1f", "fields": {"session_data": ".eJxVjDsOwjAQBe_iGlle_A0lPWeIdr0LDiBbipMKcXeIlALaNzPvpUZclzKuXeZxYnVSoA6_G2F-SN0A37Hems6tLvNEelP0Tru-NJbneXf_Dgr28q1TBvHOkbg0SAhwNIY9i7VxIPIUjKWIIbnEDJyjsyaFSACA8UqGsnp_ANIsN5g:1twQ9x:Mfnksotm0HmCEQ5pGHnXGBxZpRzyY-XT0-0rP1vViNk", "expire_date": "2025-04-06T18:34:57.008Z"}}, {"model": "sessions.session", "pk": "olhhqd5mhqxli4zpzifpaadwl1sfac09", "fields": {"session_data": ".eJxVjEEOwiAQRe_C2hDKCAwu3fcMZBhAqoYmpV0Z765NutDtf-_9lwi0rTVsPS9hSuIinDj9bpH4kdsO0p3abZY8t3WZotwVedAuxznl5_Vw_w4q9fqtKSNrTzDEokqEggps0Zp9KuQK2Eze8Nk4tMoPDBYB0bIxFpPyCZx4fwD2zzeX:1u4gO1:xnJcfvouJdUO9kkTvEl_wlVi0biXoNGS6QpCjdZmAVY", "expire_date": "2025-04-29T13:31:37.228Z"}}, {"model": "sessions.session", "pk": "teug7aknlqf04eq9f6vsvd9tdhwm09hz", "fields": {"session_data": ".eJxVjDsOwjAQBe_iGlle_A0lPWeIdr0LDiBbipMKcXeIlALaNzPvpUZclzKuXeZxYnVSoA6_G2F-SN0A37Hems6tLvNEelP0Tru-NJbneXf_Dgr28q1TBvHOkbg0SAhwNIY9i7VxIPIUjKWIIbnEDJyjsyaFSACA8UqGsnp_ANIsN5g:1tpHRC:E1A8QnRexSa3HS1wB5p_SAZ3oWrLm7rlRgLXaf5WljA", "expire_date": "2025-03-18T01:51:14.670Z"}}, {"model": "sessions.session", "pk": "vp7k0t28p6rrfc0381tjxtyvu3n2hgpo", "fields": {"session_data": ".eJxVjDsOwjAQBe_iGln-26Kk5wyWd9eLA8iR4qRC3B0ipYD2zcx7iVy2teVt1CVPJM7Ci9PvBgUfte-A7qXfZolzX5cJ5K7Igw55nak-L4f7d9DKaN8anYnFG46OVSBtkMmxYRuIQUHRinRkjBiYUrDVs8WkdYzBAoGqSbw__Vs4kQ:1ttyjU:V_n2gUbowfeU1OJF61oPlJYRBzNv6TAf29rq2-vgj54", "expire_date": "2025-03-31T00:53:32.826Z"}}, {"model": "sessions.session", "pk": "yszl9sqolh1u1lwp354gl8dzfu8zpqdg", "fields": {"session_data": ".eJxVjE0OwiAYBe_C2hBooaBL956BfH9I1dCktCvj3W2TLnT7Zua9VYJ1KWltMqeR1UX16vS7IdBT6g74AfU-aZrqMo-od0UftOnbxPK6Hu7fQYFWtvpsQxYCNGRyFmHjY7SZwDnrGALHiMziwWHmIIgboui96X03hIE79fkCK6k5gg:1tzZKf:dgVtFPCstXnicw0Ngqy_xX37q2q8ctUSJMmNmnl1tPs", "expire_date": "2025-04-15T10:59:01.001Z"}}, {"model": "accounts.customuser", "pk": 3, "fields": {"password": "pbkdf2_sha256$870000$Uq28tzOcTMzuoajNqnhLI4$UjT2S1KBu/c8833zSDilVXwoYocAQJyUKzIl/wi02x0=", "last_login": "2025-04-15T13:31:25.523Z", "is_superuser": true, "username": "admin", "first_name": "", "last_name": "", "email": "", "is_staff": true, "is_active": true, "date_joined": "2025-03-16T14:08:40Z", "permissions": true, "groups": [], "user_permissions": []}}, {"model": "accounts.customuser", "pk": 4, "fields": {"password": "pbkdf2_sha256$870000$xg7N5tv1bMQfpYvXRbB6E2$xLuzsJK/cHhyPLRv42dF0YCTLGzPGG4EIUmxJ97s7Aw=", "last_login": "2025-03-16T14:58:56.304Z", "is_superuser": true, "username": "testaccount1", "first_name": "", "last_name": "", "email": "testacc@test.com", "is_staff": true, "is_active": true, "date_joined": "2025-03-16T14:55:37Z", "permissions": true, "groups": [2], "user_permissions": []}}, {"model": "accounts.customuser", "pk": 6, "fields": {"password": "pbkdf2_sha256$870000$YrImTbYINOsGB8npM8xv1o$lHsqkmYs+/qBNrb9AQMupOLiZB5Scv/wFjybsAOJWZg=", "last_login": "2025-04-12T22:42:33.261Z", "is_superuser": false, "username": "testclient", "first_name": "", "last_name": "", "email": "testclient@test.com", "is_staff": false, "is_active": true, "date_joined": "2025-04-12T17:31:00.343Z", "permissions": false, "groups": [1], "user_permissions": []}}, {"model": "accounts.customuser", "pk": 7, "fields": {"password": "pbkdf2_sha256$870000$4XFESUjH9wS5gfsFI3PWyr$R49e+vwiwsgvmlJ+zDbn/hBvP9SeN6tbuyTO/wr4zvQ=", "last_login": "2025-04-15T13:31:37.225Z", "is_superuser": false, "username": "testadmin", "first_name": "", "last_name": "", "email": "testadmin@test.com", "is_staff": false, "is_active": true, "date_joined": "2025-04-15T13:31:17.911Z", "permissions": true, "groups": [1], "user_permissions": []}}, {"model": "sobaka.category", "pk": "005fdd27-d5b4-473c-82e8-7c0a15552352", "fields": {"name": "Female", "description": "Our selection of Female Models", "image": "category/females.jpg"}}, {"model": "sobaka.category", "pk": "32922bbf-bf63-4260-9fd5-4fbaf1694eaf", "fields": {"name": "Male", "description": "Our selection of Male Models", "image": "category/males.jpg"}}, {"model": "sobaka.unavailabledate", "pk": 1, "fields": {"human": "ab5e30ef-24cf-4005-a39e-fd0ca5ca9968", "date": "2025-04-11"}}, {"model": "sobaka.unavailabledate", "pk": 2, "fields": {"human": "ab5e30ef-24cf-4005-a39e-fd0ca5ca9968", "date": "2025-04-12"}}, {"model": "sobaka.unavailabledate", "pk": 3, "fields": {"human": "ab5e30ef-24cf-4005-a39e-fd0ca5ca9968", "date": "2025-04-16"}}, {"model": "sobaka.unavailabledate", "pk": 4, "fields": {"human": "ab5e30ef-24cf-4005-a39e-fd0ca5ca9968", "date": "2025-04-15"}}, {"model": "sobaka.unavailabledate", "pk": 5, "fields": {"human": "ab5e30ef-24cf-4005-a39e-fd0ca5ca9968", "date": "2025-04-17"}}, {"model": "sobaka.unavailabledate", "pk": 6, "fields": {"human": "8ed38749-6bda-4e63-8231-99a4e4d366ec", "date": "2025-04-11"}}, {"model": "sobaka.unavailabledate", "pk": 7, "fields": {"human": "ab5e30ef-24cf-4005-a39e-fd0ca5ca9968", "date": "2025-04-13"}}, {"model": "sobaka.unavailabledate", "pk": 8, "fields": {"human": "8ed38749-6bda-4e63-8231-99a4e4d366ec", "date": "2025-04-12"}}, {"model": "sobaka.unavailabledate", "pk": 9, "fields": {"human": "c0286193-ee82-4c88-85a1-047e85fd2162", "date": "2025-04-11"}}, {"model": "sobaka.unavailabledate", "pk": 10, "fields": {"human": "ab5e30ef-24cf-4005-a39e-fd0ca5ca9968", "date": "2025-04-14"}}, {"model": "sobaka.unavailabledate", "pk": 11, "fields": {"human": "ab5e30ef-24cf-4005-a39e-fd0ca5ca9968", "date": "2025-04-18"}}, {"model": "sobaka.unavailabledate", "pk": 12, "fields": {"human": "c0286193-ee82-4c88-85a1-047e85fd2162", "date": "2025-04-12"}}, {"model": "sobaka.unavailabledate", "pk": 13, "fields": {"human": "ab5e30ef-24cf-4005-a39e-fd0ca5ca9968", "date": "2025-04-19"}}, {"model": "sobaka.unavailabledate", "pk": 14, "fields": {"human": "ab5e30ef-24cf-4005-a39e-fd0ca5ca9968", "date": "2025-04-20"}}, {"model": "sobaka.unavailabledate", "pk": 15, "fields": {"human": "c0286193-ee82-4c88-85a1-047e85fd2162", "date": "2025-04-13"}}, {"model": "sobaka.unavailabledate", "pk": 16, "fields": {"human": "c0286193-ee82-4c88-85a1-047e85fd2162", "date": "2025-04-26"}}, {"model": "sobaka.unavailabledate", "pk": 17, "fields": {"human": "f78d0687-864b-4e89-9043-976ca7ebd43d", "date": "2025-04-12"}}, {"model": "sobaka.unavailabledate", "pk": 18, "fields": {"human": "c88c7bdc-b387-43c3-ae52-b0e7eaa04817", "date": "2025-04-18"}}, {"model": "sobaka.human", "pk": "2972127c-4c0b-4e88-845a-5c7ea266582a", "fields": {"name": "Rosie", "category": "005fdd27-d5b4-473c-82e8-7c0a15552352", "price": "120.00", "image1": "human/Rosie/j1.png", "image2": "human/Rosie/j2.png", "image3": "human/Rosie/j3.png", "image4": "human/Rosie/j4.png", "image5": "human/Rosie/j5.png", "available": true, "height": 179, "shoe_size": 39, "waist_size": 59, "bust_size": 80, "hip_size": 89, "eye_color": "Blue", "hair_color": "Ginger"}}, {"model": "sobaka.human", "pk": "2cbec313-be52-4797-8777-ac8ace90ec73", "fields": {"name": "Diana", "category": "005fdd27-d5b4-473c-82e8-7c0a15552352", "price": "130.00", "image1": "human/Diana/f1.png", "image2": "human/Diana/f2.png", "image3": "human/Diana/f3.png", "image4": "human/Diana/f4.png", "image5": "human/Diana/f5.png", "available": true, "height": 178, "shoe_size": 39, "waist_size": 60, "bust_size": 76, "hip_size": 88, "eye_color": "Brown", "hair_color": "Brown"}}, {"model": "sobaka.human", "pk": "3be8e568-3275-4201-8a5f-f0fe424c87cc", "fields": {"name": "Anna", "category": "005fdd27-d5b4-473c-82e8-7c0a15552352", "price": "160.00", "image1": "human/Anna/e1.png", "image2": "human/Anna/e2.png", "image3": "human/Anna/e3.png", "image4": "human/Anna/e4.png", "image5": "human/Anna/e5.png", "available": true, "height": 172, "shoe_size": 37, "waist_size": 60, "bust_size": 83, "hip_size": 88, "eye_color": "Brown", "hair_color": "Blonde"}}, {"model": "sobaka.human", "pk": "5f9d7401-7c14-4bc1-a8a6-5cb6ee6858f4", "fields": {"name": "Ray", "category": "32922bbf-bf63-4260-9fd5-4fbaf1694eaf", "price": "120.00", "image1": "human/Ray/o1.png", "image2": "human/Ray/o2.png", "image3": "human/Ray/o3.png", "image4": "human/Ray/o4.png", "image5": "human/Ray/o5.png", "available": true, "height": 188, "shoe_size": 45, "waist_size": 79, "bust_size": 99, "hip_size": 91, "eye_color": "Brown", "hair_color": "Brown"}}, {"model": "sobaka.human", "pk": "713e2f4d-7385-4162-8bc7-3e59a98b98da", "fields": {"name": "Sara", "category": "005fdd27-d5b4-473c-82e8-7c0a15552352", "price": "150.00", "image1": "human/Sara/d1.png", "image2": "human/Sara/d2.png", "image3": "human/Sara/d3.png", "image4": "human/Sara/d4.png", "image5": "human/Sara/d5.png", "available": true, "height": 171, "shoe_size": 38, "waist_size": 60, "bust_size": 84, "hip_size": 88, "eye_color": "Blue", "hair_color": "Light Brown"}}, {"model": "sobaka.human", "pk": "8669c4cc-7963-450a-b040-fcf7543a3b09", "fields": {"name": "Troy", "category": "32922bbf-bf63-4260-9fd5-4fbaf1694eaf", "price": "140.00", "image1": "human/Troy/m1.png", "image2": "human/Troy/m2.png", "image3": "human/Troy/m3.png", "image4": "human/Troy/m4.png", "image5": "human/Troy/m5.png", "available": true, "height": 190, "shoe_size": 45, "waist_size": 78, "bust_size": 97, "hip_size": 94, "eye_color": "Brown", "hair_color": "Brown"}}, {"model": "sobaka.human", "pk": "8ed38749-6bda-4e63-8231-99a4e4d366ec", "fields": {"name": "George", "category": "32922bbf-bf63-4260-9fd5-4fbaf1694eaf", "price": "130.00", "image1": "human/George/c1.png", "image2": "human/George/c2.png", "image3": "human/George/c3.png", "image4": "human/George/c4.png", "image5": "human/George/c5.png", "available": true, "height": 187, "shoe_size": 44, "waist_size": 76, "bust_size": 97, "hip_size": 96, "eye_color": "Blue", "hair_color": "Blonde"}}, {"model": "sobaka.human", "pk": "9364d305-f855-482b-8537-fc0891b1d5b2", "fields": {"name": "Marco", "category": "32922bbf-bf63-4260-9fd5-4fbaf1694eaf", "price": "150.00", "image1": "human/Marco/k1.png", "image2": "human/Marco/k2.png", "image3": "human/Marco/k3.png", "image4": "human/Marco/k4.png", "image5": "human/Marco/k5.png", "available": true, "height": 187, "shoe_size": 43, "waist_size": 76, "bust_size": 97, "hip_size": 96, "eye_color": "Brown", "hair_color": "Black"}}, {"model": "sobaka.human", "pk": "ab5e30ef-24cf-4005-a39e-fd0ca5ca9968", "fields": {"name": "Eve", "category": "005fdd27-d5b4-473c-82e8-7c0a15552352", "price": "130.00", "image1": "human/Eve/h1.png", "image2": "human/Eve/h2.png", "image3": "human/Eve/h3.png", "image4": "human/Eve/h4.png", "image5": "human/Eve/h5.png", "available": true, "height": 178, "shoe_size": 39, "waist_size": 62, "bust_size": 83, "hip_size": 90, "eye_color": "Brown", "hair_color": "Black"}}, {"model": "sobaka.human", "pk": "c0286193-ee82-4c88-85a1-047e85fd2162", "fields": {"name": "Edgar", "category": "32922bbf-bf63-4260-9fd5-4fbaf1694eaf", "price": "140.00", "image1": "human/Edgar/a1.png", "image2": "human/Edgar/a2.png", "image3": "human/Edgar/a3.png", "image4": "human/Edgar/a4.png", "image5": "human/Edgar/a5.png", "available": true, "height": 184, "shoe_size": 43, "waist_size": 71, "bust_size": 86, "hip_size": 90, "eye_color": "Brown", "hair_color": "Dark Brown"}}, {"model": "sobaka.human", "pk": "c88c7bdc-b387-43c3-ae52-b0e7eaa04817", "fields": {"name": "Laura", "category": "005fdd27-d5b4-473c-82e8-7c0a15552352", "price": "140.00", "image1": "human/Laura/i1.png", "image2": "human/Laura/i2.png", "image3": "human/Laura/i3.png", "image4": "human/Laura/i4.png", "image5": "human/Laura/i5.png", "available": true, "height": 180, "shoe_size": 40, "waist_size": 60, "bust_size": 84, "hip_size": 89, "eye_color": "Brown", "hair_color": "Brown"}}, {"model": "sobaka.human", "pk": "d0c2c9a1-817a-4502-a668-f6bb46b56839", "fields": {"name": "Nikolas", "category": "32922bbf-bf63-4260-9fd5-4fbaf1694eaf", "price": "140.00", "image1": "human/Nikolas/b1.png", "image2": "human/Nikolas/b2.png", "image3": "human/Nikolas/b3.png", "image4": "human/Nikolas/b4.png", "image5": "human/Nikolas/b5.png", "available": true, "height": 187, "shoe_size": 43, "waist_size": 69, "bust_size": 86, "hip_size": 90, "eye_color": "Blue", "hair_color": "Brown"}}, {"model": "sobaka.human", "pk": "ece0024c-4b02-4d53-bde5-f9c6f85752b4", "fields": {"name": "Ruth", "category": "005fdd27-d5b4-473c-82e8-7c0a15552352", "price": "150.00", "image1": "human/Ruth/g1.png", "image2": "human/Eve/3_looking_at_camera.jpg", "image3": "human/Ruth/g3.png", "image4": "human/Ruth/g4.png", "image5": "human/Ruth/g5.png", "available": true, "height": 173, "shoe_size": 37, "waist_size": 60, "bust_size": 83, "hip_size": 89, "eye_color": "Brown", "hair_color": "Brown"}}, {"model": "sobaka.human", "pk": "f78d0687-864b-4e89-9043-976ca7ebd43d", "fields": {"name": "Louis", "category": "32922bbf-bf63-4260-9fd5-4fbaf1694eaf", "price": "150.00", "image1": "human/Louis/n1.png", "image2": "human/Louis/n2.png", "image3": "human/Louis/n3.png", "image4": "human/Louis/n4.png", "image5": "human/Louis/n5.png", "available": true, "height": 189, "shoe_size": 45, "waist_size": 80, "bust_size": 95, "hip_size": 96, "eye_color": "Brown", "hair_color": "Brown"}}, {"model": "sobaka.human", "pk": "f97fe48e-2b65-410f-87a2-5d53cf93587c", "fields": {"name": "Nastya", "category": "005fdd27-d5b4-473c-82e8-7c0a15552352", "price": "130.00", "image1": "human/Nastya/l1.png", "image2": "human/Nastya/l2.png", "image3": "human/Nastya/l3.png", "image4": "human/Nastya/l4.png", "image5": "human/Nastya/l5.png", "available": true, "height": 177, "shoe_size": 40, "waist_size": 59, "bust_size": 82, "hip_size": 89, "eye_color": "Blue", "hair_color": "Blonde"}}, {"model": "sobaka.review", "pk": 1, "fields": {"human": "f78d0687-864b-4e89-9043-976ca7ebd43d", "user": 6, "rating": 5, "comment": "Very easy to work with.", "created": "2025-04-12T18:25:08.529Z"}}, {"model": "sobaka.review", "pk": 2, "fields": {"human": "c0286193-ee82-4c88-85a1-047e85fd2162", "user": 6, "rating": 5, "comment": "", "created": "2025-04-12T18:30:41.034Z"}}, {"model": "sobaka.newsarticle", "pk": "85bc3e18-c54c-42f1-a1b2-7cac6ae640d8", "fields": {"title": "FLORILÉGE DE VIE JEWELRY", "image": "news/news1.png", "description": "Anna for the Florilège de Vie Jewelry campaign", "created": "2025-04-13T16:02:47.556Z"}}, {"model": "sobaka.newsarticle", "pk": "cc07c8c9-3cdf-416d-8ae3-e5f45e59e8ed", "fields": {"title": "PHILIPP PLEIN FALL WINTER 25 SHOW", "image": "news/news3.png", "description": "We are very proud to have been a part of this incredible show in collaboration with Philipp Plein.", "created": "2025-04-13T15:51:40.353Z"}}, {"model": "sobaka.newsarticle", "pk": "fa4a4aa5-6c26-4e0a-b176-f9fe994d0b6d", "fields": {"title": "LOUIS VUITTON SS25 EDITORIAL", "image": "news/news2.png", "description": "Sobaka at the Louis Vuitton Spring Summer Collection Photoshoot", "created": "2025-04-13T15:49:53.851Z"}}, {"model": "cart.cart", "pk": 2, "fields": {"cart_id": "wib0s6xatheqs237a0m40go8n6i1vxqe", "date_added": "2025-03-24"}}, {"model": "cart.cart", "pk": 3, "fields": {"cart_id": "47opy25ayksqy647t8dhkcb8djhzthyj", "date_added": "2025-03-24"}}, {"model": "cart.cart", "pk": 4, "fields": {"cart_id": "2k0okavman0q2669yhfejx6hxbdnqud8", "date_added": "2025-03-24"}}, {"model": "cart.cart", "pk": 14, "fields": {"cart_id": "cc7z7uvfxcc5yhxlaq3xldl6ufb32xs3", "date_added": "2025-03-31"}}, {"model": "cart.cart", "pk": 21, "fields": {"cart_id": "79ditfhs8bvr45simema9zqetrp54yks", "date_added": "2025-04-11"}}, {"model": "cart.cart", "pk": 23, "fields": {"cart_id": "idf9a4eix5zunbxy5zh62s8e1ysy3x97", "date_added": "2025-04-11"}}, {"model": "cart.cart", "pk": 31, "fields": {"cart_id": "oc1a25il18x02pg8tggraew6ymuo6pij", "date_added": "2025-04-13"}}, {"model": "cart.cartitem", "pk": 15, "fields": {"product": "3be8e568-3275-4201-8a5f-f0fe424c87cc", "cart": 2, "duration": 1, "selected_date": null, "active": true}}, {"model": "cart.cartitem", "pk": 16, "fields": {"product": "2cbec313-be52-4797-8777-ac8ace90ec73", "cart": 3, "duration": 1, "selected_date": null, "active": true}}, {"model": "cart.cartitem", "pk": 17, "fields": {"product": "3be8e568-3275-4201-8a5f-f0fe424c87cc", "cart": 4, "duration": 1, "selected_date": null, "active": true}}, {"model": "cart.cartitem", "pk": 37, "fields": {"product": "713e2f4d-7385-4162-8bc7-3e59a98b98da", "cart": 14, "duration": 3, "selected_date": null, "active": true}}, {"model": "cart.cartitem", "pk": 40, "fields": {"product": "8ed38749-6bda-4e63-8231-99a4e4d366ec", "cart": 14, "duration": 3, "selected_date": null, "active": true}}, {"model": "cart.cartitem", "pk": 58, "fields": {"product": "c0286193-ee82-4c88-85a1-047e85fd2162", "cart": 21, "duration": 1, "selected_date": null, "active": true}}, {"model": "cart.cartitem", "pk": 59, "fields": {"product": "ab5e30ef-24cf-4005-a39e-fd0ca5ca9968", "cart": 21, "duration": 1, "selected_date": null, "active": true}}, {"model": "cart.cartitem", "pk": 65, "fields": {"product": "8ed38749-6bda-4e63-8231-99a4e4d366ec", "cart": 23, "duration": 1, "selected_date": "2025-04-12", "active": true}}, {"model": "vouchers.voucher", "pk": 1, "fields": {"code": "PARTNER", "valid_from": "2025-04-11T13:25:52Z", "valid_to": "2026-06-19T20:37:30Z", "discount": 10, "active": true}}, {"model": "order.order", "pk": 1, "fields": {"token": "cs_test_a1Z33SvMkPNYJqqX2LkK02mgijHx4z2JI1Ur9BxBT8rqd14W5xnhue5TnX", "total": "290.00", "emailAddress": "dylanmurphy61@yahoo.ie", "created": "2025-03-31T10:24:42.441Z", "billingName": "Dylan Murphy", "billingAddress1": "13 Station Road", "billingCity": "London", "billingPostcode": "HA1 2UF", "billingCountry": "GB", "shippingName": "Dylan Murphy", "shippingAddress1": "13 Station Road", "shippingCity": "London", "shippingPostcode": "HA1 2UF", "shippingCountry": "GB"}}, {"model": "order.order", "pk": 2, "fields": {"token": "cs_test_a1vox2EfO4ZHIN2Y8HQ8j8TK9bO0nQvN3GQIDAsFnE3S86lWR8UoZRKCMo", "total": "290.00", "emailAddress": "dylanmurphy61@yahoo.ie", "created": "2025-03-31T10:25:33.103Z", "billingName": "Dylan Murphy", "billingAddress1": "13 Station Road", "billingCity": "Dublin", "billingPostcode": "D05E657", "billingCountry": "IE", "shippingName": "Dylan Murphy", "shippingAddress1": "13 Station Road", "shippingCity": "Dublin", "shippingPostcode": "D05E657", "shippingCountry": "IE"}}, {"model": "order.order", "pk": 3, "fields": {"token": "cs_test_a1boX0zzLkpg3NrFGhFe8UX7NQtKbPbHXptXli89Vao5yZCepDtkmMMAmL", "total": "290.00", "emailAddress": "dylanmurphy61@yahoo.ie", "created": "2025-03-31T10:26:34.808Z", "billingName": "Dylan Murphy", "billingAddress1": "13 Station Road", "billingCity": "Dublin", "billingPostcode": "D05E657", "billingCountry": "IE", "shippingName": "Dylan Murphy", "shippingAddress1": "13 Station Road", "shippingCity": "Dublin", "shippingPostcode": "D05E657", "shippingCountry": "IE"}}, {"model": "order.order", "pk": 4, "fields": {"token": "cs_test_a1sb9MlddjTvz3BrdY8bfG08zpfhjyLSEzz6XGlSTUj5f5HMAmrVBLldPD", "total": "290.00", "emailAddress": "dylanmurphy61@yahoo.ie", "created": "2025-03-31T10:42:21.699Z", "billingName": "Dylan Murphy", "billingAddress1": "13 Station Road", "billingCity": "Dublin", "billingPostcode": "D05E657", "billingCountry": "IE", "shippingName": "Dylan Murphy", "shippingAddress1": "13 Station Road", "shippingCity": "Dublin", "shippingPostcode": "D05E657", "shippingCountry": "IE"}}, {"model": "order.order", "pk": 5, "fields": {"token": "cs_test_a1BNdBTuvgE8Xokj4q9YfrY14G1mavythOzMlzb1aQdtCcC3q6oDZxrRHp", "total": "160.00", "emailAddress": "dylanmurphy61@yahoo.ie", "created": "2025-03-31T10:55:34.388Z", "billingName": "Dylan Murphy", "billingAddress1": "13 Station Road", "billingCity": "Dublin", "billingPostcode": "D05E657", "billingCountry": "IE", "shippingName": "Dylan Murphy", "shippingAddress1": "13 Station Road", "shippingCity": "Dublin", "shippingPostcode": "D05E657", "shippingCountry": "IE"}}, {"model": "order.order", "pk": 6, "fields": {"token": "cs_test_a1n8bWKUoXX1rCVwXT4Syf92XpECG570e7PfdvxwqyxX6w8REin4guKRqU", "total": "160.00", "emailAddress": "dylanmurphy61@yahoo.ie", "created": "2025-03-31T10:57:59.033Z", "billingName": "Dylan Murphy", "billingAddress1": "13 Station Road", "billingCity": "Dublin", "billingPostcode": "D05E657", "billingCountry": "IE", "shippingName": "Dylan Murphy", "shippingAddress1": "13 Station Road", "shippingCity": "Dublin", "shippingPostcode": "D05E657", "shippingCountry": "IE"}}, {"model": "order.order", "pk": 7, "fields": {"token": "cs_test_a16LK3m0BkAC3GK91HQ8b6Li66nTu72Q7hR49U6YPE5a4kzrokGbRA6Vyq", "total": "130.00", "emailAddress": "dylanmurphy61@yahoo.ie", "created": "2025-03-31T11:10:54.553Z", "billingName": "Dylan Murphy", "billingAddress1": "13 Station Road", "billingCity": "Dublin", "billingPostcode": "D05E657", "billingCountry": "IE", "shippingName": "Dylan Murphy", "shippingAddress1": "13 Station Road", "shippingCity": "Dublin", "shippingPostcode": "D05E657", "shippingCountry": "IE"}}, {"model": "order.order", "pk": 8, "fields": {"token": "cs_test_a1ae5vHWdHWhVVWQn9U2PFSq1NlBHNRzUIRLld1sD9rOQ01ZPVOD1g2drk", "total": "290.00", "emailAddress": "dylanmurphy61@yahoo.ie", "created": "2025-03-31T11:11:29.529Z", "billingName": "Dylan Murphy", "billingAddress1": "13 Station Road", "billingCity": "Dublin", "billingPostcode": "D05E657", "billingCountry": "IE", "shippingName": "Dylan Murphy", "shippingAddress1": "13 Station Road", "shippingCity": "Dublin", "shippingPostcode": "D05E657", "shippingCountry": "IE"}}, {"model": "order.order", "pk": 9, "fields": {"token": "cs_test_a1aWZAkDkdIH6XKINeAl7TnsqkyxNx3UtcpGe0DeQEeYqrPg5gCoKAGgDO", "total": "290.00", "emailAddress": "dylanmurphy61@yahoo.ie", "created": "2025-03-31T11:22:04.156Z", "billingName": "Dylan Murphy", "billingAddress1": "13 Station Road", "billingCity": "Dublin", "billingPostcode": "D05E657", "billingCountry": "IE", "shippingName": "Dylan Murphy", "shippingAddress1": "13 Station Road", "shippingCity": "Dublin", "shippingPostcode": "D05E657", "shippingCountry": "IE"}}, {"model": "order.order", "pk": 10, "fields": {"token": "cs_test_a1Q3DDgHx51TI7ORzoP0WYTAew0ywao2CBcUbx8PmYmoosb4Zq3oen6ZFf", "total": "840.00", "emailAddress": "dylanmurphy61@yahoo.ie", "created": "2025-03-31T11:56:28.714Z", "billingName": "Dylan Murphy", "billingAddress1": "13 Station Road", "billingCity": "Dublin", "billingPostcode": "D05E657", "billingCountry": "IE", "shippingName": "Dylan Murphy", "shippingAddress1": "13 Station Road", "shippingCity": "Dublin", "shippingPostcode": "D05E657", "shippingCountry": "IE"}}, {"model": "order.order", "pk": 11, "fields": {"token": "cs_test_a1FHwJMKQMfGDxFTJ17eIKI9U5lH8S0mmZ9FZ8DdbQIiP1RW5QhC1OnQ9u", "total": "420.00", "emailAddress": "dylanmurphy61@yahoo.ie", "created": "2025-03-31T12:02:04.846Z", "billingName": "Dylan Murphy", "billingAddress1": "13 Station Road", "billingCity": "Dublin", "billingPostcode": "D05E657", "billingCountry": "IE", "shippingName": "Dylan Murphy", "shippingAddress1": "13 Station Road", "shippingCity": "Dublin", "shippingPostcode": "D05E657", "shippingCountry": "IE"}}, {"model": "order.order", "pk": 12, "fields": {"token": "cs_test_a1nCnx8Om0uOwuZnRaQQAuBRrIKtHOYkIebgpCKsnsH1MYrO1eaRVygjAp", "total": "1630.00", "emailAddress": "dylanmurphy61@yahoo.ie", "created": "2025-03-31T12:02:34.450Z", "billingName": "Dylan Murphy", "billingAddress1": "13 Station Road", "billingCity": "Dublin", "billingPostcode": "D05E657", "billingCountry": "IE", "shippingName": "Dylan Murphy", "shippingAddress1": "13 Station Road", "shippingCity": "Dublin", "shippingPostcode": "D05E657", "shippingCountry": "IE"}}, {"model": "order.order", "pk": 13, "fields": {"token": "cs_test_a1fZEkeBDGj6qahDyJU8kch6Gyi7slfEVPc4LJF2vu0VPx8NFzZ19jqmNE", "total": "1400.00", "emailAddress": "dylanmurphy61@yahoo.ie", "created": "2025-03-31T12:29:52.942Z", "billingName": "Dylan Murphy", "billingAddress1": "13 Station Road", "billingCity": "Dublin", "billingPostcode": "D05E657", "billingCountry": "IE", "shippingName": "Dylan Murphy", "shippingAddress1": "13 Station Road", "shippingCity": "Dublin", "shippingPostcode": "D05E657", "shippingCountry": "IE"}}, {"model": "order.order", "pk": 14, "fields": {"token": "cs_test_a1EcoJwj3Zpmnp2sm7KcBJe6kyMPPtOdqMPPDmOCrgLq5fdazERIJp5b4b", "total": "840.00", "emailAddress": "dylanmurphy61@yahoo.ie", "created": "2025-03-31T13:51:43.354Z", "billingName": "Dylan Murphy", "billingAddress1": "13 Station Road", "billingCity": "Dublin", "billingPostcode": "D05E657", "billingCountry": "IE", "shippingName": "Dylan Murphy", "shippingAddress1": "13 Station Road", "shippingCity": "Dublin", "shippingPostcode": "D05E657", "shippingCountry": "IE"}}, {"model": "order.order", "pk": 15, "fields": {"token": "cs_test_a1lr9CBnPQ9ai2iffEm3M8LxISfnyV9bDRKlTCbMPOwBJaWwZ3uB6uszc9", "total": "1090.00", "emailAddress": "dylanmurphy61@yahoo.ie", "created": "2025-03-31T13:57:25.297Z", "billingName": "Dylan Murphy", "billingAddress1": "13 Station Road", "billingCity": "Dublin", "billingPostcode": "D05E657", "billingCountry": "IE", "shippingName": "Dylan Murphy", "shippingAddress1": "13 Station Road", "shippingCity": "Dublin", "shippingPostcode": "D05E657", "shippingCountry": "IE"}}, {"model": "order.order", "pk": 16, "fields": {"token": "cs_test_a148gdls7URl2bJSiivVwZdDtWuVkBRazOWCBflVNTgNmb6edNROANWLf7", "total": "140.00", "emailAddress": "dylanmurphy61@yahoo.ie", "created": "2025-03-31T13:58:54.612Z", "billingName": "Dylan Murphy", "billingAddress1": "13 Station Road", "billingCity": "Dublin", "billingPostcode": "D05E657", "billingCountry": "IE", "shippingName": "Dylan Murphy", "shippingAddress1": "13 Station Road", "shippingCity": "Dublin", "shippingPostcode": "D05E657", "shippingCountry": "IE"}}, {"model": "order.order", "pk": 17, "fields": {"token": "cs_test_a1fX4xOHKERDj9ZMsSpq4ZuWRW4cXMvPd2avFefr4Cu7NNYus3RXfqEpAJ", "total": "140.00", "emailAddress": "dylanmurphy61@yahoo.ie", "created": "2025-03-31T14:03:55.890Z", "billingName": "Dylan Murphy", "billingAddress1": "13 Station Road", "billingCity": "Dublin", "billingPostcode": "D05E657", "billingCountry": "IE", "shippingName": "Dylan Murphy", "shippingAddress1": "13 Station Road", "shippingCity": "Dublin", "shippingPostcode": "D05E657", "shippingCountry": "IE"}}, {"model": "order.order", "pk": 18, "fields": {"token": "cs_test_a1r5ZeLKZefv2EF32A7u9buK4LnOulBeeosq8THu8bQtKxG2bXE7qijOuV", "total": "480.00", "emailAddress": "testacc@test.com", "created": "2025-03-31T14:11:56.791Z", "billingName": "Tester Test", "billingAddress1": "1 Test Address", "billingCity": "Dublin", "billingPostcode": "D18 XW95", "billingCountry": "IE", "shippingName": "Tester Test", "shippingAddress1": "1 Test Address", "shippingCity": "Dublin", "shippingPostcode": "D18 XW95", "shippingCountry": "IE"}}, {"model": "order.order", "pk": 19, "fields": {"token": "cs_test_a1J1c3oAfp64TY00GI6IPz8JKp3vygzAXd4ixbOq48ISkyyzyqJ3ZkYAMg", "total": "560.00", "emailAddress": "testacc2@test.com", "created": "2025-04-01T11:00:24.772Z", "billingName": "4242 4242", "billingAddress1": "aaaa", "billingCity": "aaa", "billingPostcode": "d28 xq21", "billingCountry": "GR", "shippingName": "4242 4242", "shippingAddress1": "aaaa", "shippingCity": "aaa", "shippingPostcode": "d28 xq21", "shippingCountry": "GR"}}, {"model": "order.order", "pk": 20, "fields": {"token": "cs_test_a1RQCCjz92vcxrqpwlTvAJxXtIZ9NzJPrHet2hWybXt5OPHX40ZcBAi1pX", "total": "650.00", "emailAddress": "testacc2@test.com", "created": "2025-04-01T11:03:52.159Z", "billingName": "4242 4242", "billingAddress1": "dddd", "billingCity": "dddd", "billingPostcode": "d28 xw82", "billingCountry": "GR", "shippingName": "4242 4242", "shippingAddress1": "dddd", "shippingCity": "dddd", "shippingPostcode": "d28 xw82", "shippingCountry": "GR"}}, {"model": "order.order", "pk": 21, "fields": {"token": "cs_test_a1Rb1L0vWQJIFh5pS7skbNvaOHvVoSPePnJxJEBzNQyq8YReA6bcwnZD6I", "total": "260.00", "emailAddress": "charizard24682@gmail.com", "created": "2025-04-11T18:57:42.144Z", "billingName": "2", "billingAddress1": "1", "billingCity": "1", "billingPostcode": "1", "billingCountry": "EE", "shippingName": "2", "shippingAddress1": "1", "shippingCity": "1", "shippingPostcode": "1", "shippingCountry": "EE"}}, {"model": "order.order", "pk": 22, "fields": {"token": "cs_test_a1p6iRExsF8jt45pU3k0WDdzQIkG6G8IY4eFCG3WlssO77LA0jB1s2iiqp", "total": "520.00", "emailAddress": "testacc@test.com", "created": "2025-04-11T19:06:42.804Z", "billingName": "1", "billingAddress1": "1", "billingCity": "1", "billingPostcode": "1", "billingCountry": "EE", "shippingName": "1", "shippingAddress1": "1", "shippingCity": "1", "shippingPostcode": "1", "shippingCountry": "EE"}}, {"model": "order.order", "pk": 23, "fields": {"token": "cs_test_a1DbWaMUAq8gvx6PDU1s3C4Sis4OJHEZgoHWxkbbBNLT5Ec53Ji7O3sXXU", "total": "390.00", "emailAddress": "testacc@test.com", "created": "2025-04-11T19:34:44.081Z", "billingName": "1", "billingAddress1": "1", "billingCity": "1", "billingPostcode": "1", "billingCountry": "EE", "shippingName": "1", "shippingAddress1": "1", "shippingCity": "1", "shippingPostcode": "1", "shippingCountry": "EE"}}, {"model": "order.order", "pk": 24, "fields": {"token": "cs_test_a1xGkatPCAWcaKK0VQawtXkkme5dDFlm7TsrjwI3Y3ryED3QFVrTCaNzDj", "total": "130.00", "emailAddress": "testacc@test.com", "created": "2025-04-11T20:38:17.345Z", "billingName": "1", "billingAddress1": "1", "billingCity": "1", "billingPostcode": "1", "billingCountry": "EE", "shippingName": "1", "shippingAddress1": "1", "shippingCity": "1", "shippingPostcode": "1", "shippingCountry": "EE"}}, {"model": "order.order", "pk": 25, "fields": {"token": "cs_test_a1Kil1LdWjv5lRFP5M2xWybvsmHxkij8oUboQeiaN4NdyUZTPALduF165Z", "total": "234.00", "emailAddress": "testacc@test.com", "created": "2025-04-11T20:46:36.842Z", "billingName": "1", "billingAddress1": "1", "billingCity": "1", "billingPostcode": "1", "billingCountry": "EE", "shippingName": "1", "shippingAddress1": "1", "shippingCity": "1", "shippingPostcode": "1", "shippingCountry": "EE"}}, {"model": "order.order", "pk": 26, "fields": {"token": "cs_test_a1GiAyO02Et30or8XeHzfscEdW40rpyDXngwEdFONnXcLQm1hqmLs145Pq", "total": "130.00", "emailAddress": "testacc@test.com", "created": "2025-04-11T21:09:19.785Z", "billingName": "1", "billingAddress1": "1", "billingCity": "1", "billingPostcode": "1", "billingCountry": "EE", "shippingName": "1", "shippingAddress1": "1", "shippingCity": "1", "shippingPostcode": "1", "shippingCountry": "EE"}}, {"model": "order.order", "pk": 27, "fields": {"token": "cs_test_a1HBZXNf8HOiMMzRkg7i7qzLqFkbIv8IKeGuW9B1PgX4vNB6cIcCtudVLB", "total": "468.00", "emailAddress": "testacc@test.com", "created": "2025-04-11T21:13:49.867Z", "billingName": "Tester Test", "billingAddress1": "1", "billingCity": "1", "billingPostcode": "1", "billingCountry": "EE", "shippingName": "Tester Test", "shippingAddress1": "1", "shippingCity": "1", "shippingPostcode": "1", "shippingCountry": "EE"}}, {"model": "order.order", "pk": 28, "fields": {"token": "cs_test_a143SaT2nf2PSnNTfUI2KWnXLyrbUJbHw3jZnraw6AGEE5IObupUrzcyQu", "total": "130.00", "emailAddress": "testacc@test.com", "created": "2025-04-11T21:23:53.065Z", "billingName": "1", "billingAddress1": "1", "billingCity": "1", "billingPostcode": "1", "billingCountry": "EE", "shippingName": "1", "shippingAddress1": "1", "shippingCity": "1", "shippingPostcode": "1", "shippingCountry": "EE"}}, {"model": "order.order", "pk": 29, "fields": {"token": "cs_test_a1FZKIyOE2wRy1KNBqDGWvDo1FT20vMZZvtHPv3TTOx6IiBlduG0sYEk2a", "total": "117.00", "emailAddress": "testagent@test.com", "created": "2025-04-11T21:43:58.174Z", "billingName": "Tester Test", "billingAddress1": "1", "billingCity": "1", "billingPostcode": "1", "billingCountry": "EE", "shippingName": "Tester Test", "shippingAddress1": "1", "shippingCity": "1", "shippingPostcode": "1", "shippingCountry": "EE"}}, {"model": "order.order", "pk": 30, "fields": {"token": "cs_test_a15B0k13Fxq0HVN5iuaZvdt7o4IlsqlADiQuO9plZbGdjixDebEVLJ3UoR", "total": "117.00", "emailAddress": "testacc@test.com", "created": "2025-04-11T21:46:39.254Z", "billingName": "1", "billingAddress1": "1", "billingCity": "1", "billingPostcode": "1", "billingCountry": "EE", "shippingName": "1", "shippingAddress1": "1", "shippingCity": "1", "shippingPostcode": "1", "shippingCountry": "EE"}}, {"model": "order.order", "pk": 31, "fields": {"token": "cs_test_a1z56YIgYC1HIOUBraQlWyUzPkKLszZnwkjsGqUTK4f6vWY3NJ4Wt3qi6U", "total": "126.00", "emailAddress": "testacc@test.com", "created": "2025-04-11T21:51:39.834Z", "billingName": "1", "billingAddress1": "1", "billingCity": "1", "billingPostcode": "1", "billingCountry": "EE", "shippingName": "1", "shippingAddress1": "1", "shippingCity": "1", "shippingPostcode": "1", "shippingCountry": "EE"}}, {"model": "order.order", "pk": 32, "fields": {"token": "cs_test_a171Rr9timoqdHh9gKA1Ls0SrUtjmlifnGyWHjk75zqShDgKHPIIU9Ntpe", "total": "117.00", "emailAddress": "testacc@test.com", "created": "2025-04-12T15:27:43.295Z", "billingName": "1", "billingAddress1": "1", "billingCity": "1", "billingPostcode": "1", "billingCountry": "EE", "shippingName": "1", "shippingAddress1": "1", "shippingCity": "1", "shippingPostcode": "1", "shippingCountry": "EE"}}, {"model": "order.order", "pk": 33, "fields": {"token": "cs_test_a1Sd8aGVkQAlY9mbD4FRfyTsCs11J4VR8JfAyzMHNKbvfFji36BjvCNodU", "total": "1944.00", "emailAddress": "testacc@test.com", "created": "2025-04-12T15:41:49.754Z", "billingName": "1", "billingAddress1": "1", "billingCity": "1", "billingPostcode": "1", "billingCountry": "EE", "shippingName": "1", "shippingAddress1": "1", "shippingCity": "1", "shippingPostcode": "1", "shippingCountry": "EE"}}, {"model": "order.order", "pk": 34, "fields": {"token": "cs_test_a1421ug6BH27X6Fj8k5Mqj0eY1QKkcEgavhIk7K6fI2VEogFzQZD19C4PJ", "total": "351.00", "emailAddress": "testacc@test.com", "created": "2025-04-12T15:48:46.934Z", "billingName": "1", "billingAddress1": "1", "billingCity": "1", "billingPostcode": "1", "billingCountry": "EE", "shippingName": "1", "shippingAddress1": "1", "shippingCity": "1", "shippingPostcode": "1", "shippingCountry": "EE"}}, {"model": "order.order", "pk": 35, "fields": {"token": "cs_test_a1YyXOOiVt5mpnhW6QZ4rHgbK9UauJtcBamhdwgNQCMjKHW02CawWPCGAL", "total": "1215.00", "emailAddress": "testclient@test.com", "created": "2025-04-12T17:35:00.717Z", "billingName": "testclient", "billingAddress1": "1", "billingCity": "1", "billingPostcode": "1", "billingCountry": "EE", "shippingName": "testclient", "shippingAddress1": "1", "shippingCity": "1", "shippingPostcode": "1", "shippingCountry": "EE"}}, {"model": "order.order", "pk": 36, "fields": {"token": "cs_test_a1qNDvpZWZfX8UnyDcixQByTIWGrhFHWds3g2jlslVf4KeslPLTPEWt05L", "total": "1120.00", "emailAddress": "testclient@test.com", "created": "2025-04-12T17:37:45.282Z", "billingName": "testclient", "billingAddress1": "1", "billingCity": "1", "billingPostcode": "1", "billingCountry": "EE", "shippingName": "testclient", "shippingAddress1": "1", "shippingCity": "1", "shippingPostcode": "1", "shippingCountry": "EE"}}, {"model": "order.order", "pk": 37, "fields": {"token": "cs_test_a1bIPouZnjf9UYsVhaSk0lxT0EezJEv4FquT7rsPfpfsVpnuxRgoA5PHRx", "total": "1818.00", "emailAddress": "testclient@test.com", "created": "2025-04-12T18:15:45.616Z", "billingName": "testclient", "billingAddress1": "1", "billingCity": "1", "billingPostcode": "1", "billingCountry": "EE", "shippingName": "testclient", "shippingAddress1": "1", "shippingCity": "1", "shippingPostcode": "1", "shippingCountry": "EE"}}, {"model": "order.orderitem", "pk": 1, "fields": {"product": "Diana", "price": "130.00", "duration": 1, "booked_date": null, "order": 1, "reviewed": false}}, {"model": "order.orderitem", "pk": 2, "fields": {"product": "Diana", "price": "130.00", "duration": 1, "booked_date": null, "order": 2, "reviewed": false}}, {"model": "order.orderitem", "pk": 3, "fields": {"product": "Diana", "price": "130.00", "duration": 1, "booked_date": null, "order": 3, "reviewed": false}}, {"model": "order.orderitem", "pk": 4, "fields": {"product": "Anna", "price": "160.00", "duration": 1, "booked_date": null, "order": 4, "reviewed": false}}, {"model": "order.orderitem", "pk": 5, "fields": {"product": "Anna", "price": "160.00", "duration": 1, "booked_date": null, "order": 5, "reviewed": false}}, {"model": "order.orderitem", "pk": 6, "fields": {"product": "Anna", "price": "160.00", "duration": 1, "booked_date": null, "order": 6, "reviewed": false}}, {"model": "order.orderitem", "pk": 7, "fields": {"product": "Diana", "price": "130.00", "duration": 1, "booked_date": null, "order": 7, "reviewed": false}}, {"model": "order.orderitem", "pk": 8, "fields": {"product": "Diana", "price": "130.00", "duration": 1, "booked_date": null, "order": 8, "reviewed": false}}, {"model": "order.orderitem", "pk": 9, "fields": {"product": "Diana", "price": "130.00", "duration": 1, "booked_date": null, "order": 9, "reviewed": false}}, {"model": "order.orderitem", "pk": 10, "fields": {"product": "Anna", "price": "160.00", "duration": 1, "booked_date": null, "order": 9, "reviewed": false}}, {"model": "order.orderitem", "pk": 11, "fields": {"product": "Edgar", "price": "140.00", "duration": 3, "booked_date": null, "order": 10, "reviewed": false}}, {"model": "order.orderitem", "pk": 12, "fields": {"product": "Laura", "price": "140.00", "duration": 3, "booked_date": null, "order": 10, "reviewed": false}}, {"model": "order.orderitem", "pk": 13, "fields": {"product": "Edgar", "price": "140.00", "duration": 3, "booked_date": null, "order": 11, "reviewed": false}}, {"model": "order.orderitem", "pk": 14, "fields": {"product": "Eve", "price": "130.00", "duration": 1, "booked_date": null, "order": 12, "reviewed": false}}, {"model": "order.orderitem", "pk": 15, "fields": {"product": "Sara", "price": "150.00", "duration": 10, "booked_date": null, "order": 12, "reviewed": false}}, {"model": "order.orderitem", "pk": 16, "fields": {"product": "Edgar", "price": "140.00", "duration": 10, "booked_date": null, "order": 13, "reviewed": false}}, {"model": "order.orderitem", "pk": 17, "fields": {"product": "Edgar", "price": "140.00", "duration": 3, "booked_date": null, "order": 14, "reviewed": false}}, {"model": "order.orderitem", "pk": 18, "fields": {"product": "Laura", "price": "140.00", "duration": 3, "booked_date": null, "order": 14, "reviewed": false}}, {"model": "order.orderitem", "pk": 19, "fields": {"product": "Edgar", "price": "140.00", "duration": 5, "booked_date": null, "order": 15, "reviewed": false}}, {"model": "order.orderitem", "pk": 20, "fields": {"product": "Eve", "price": "130.00", "duration": 3, "booked_date": null, "order": 15, "reviewed": false}}, {"model": "order.orderitem", "pk": 21, "fields": {"product": "Edgar", "price": "140.00", "duration": 1, "booked_date": null, "order": 16, "reviewed": false}}, {"model": "order.orderitem", "pk": 22, "fields": {"product": "Edgar", "price": "140.00", "duration": 1, "booked_date": null, "order": 17, "reviewed": false}}, {"model": "order.orderitem", "pk": 23, "fields": {"product": "Anna", "price": "160.00", "duration": 3, "booked_date": null, "order": 18, "reviewed": false}}, {"model": "order.orderitem", "pk": 24, "fields": {"product": "Edgar", "price": "140.00", "duration": 4, "booked_date": null, "order": 19, "reviewed": false}}, {"model": "order.orderitem", "pk": 25, "fields": {"product": "Eve", "price": "130.00", "duration": 5, "booked_date": null, "order": 20, "reviewed": false}}, {"model": "order.orderitem", "pk": 26, "fields": {"product": "Eve", "price": "130.00", "duration": 2, "booked_date": null, "order": 21, "reviewed": false}}, {"model": "order.orderitem", "pk": 27, "fields": {"product": "Eve", "price": "130.00", "duration": 2, "booked_date": null, "order": 22, "reviewed": false}}, {"model": "order.orderitem", "pk": 28, "fields": {"product": "Eve", "price": "130.00", "duration": 3, "booked_date": null, "order": 23, "reviewed": false}}, {"model": "order.orderitem", "pk": 29, "fields": {"product": "Eve", "price": "117.00", "duration": 2, "booked_date": null, "order": 25, "reviewed": false}}, {"model": "order.orderitem", "pk": 30, "fields": {"product": "Eve", "price": "130.00", "duration": 1, "booked_date": null, "order": 26, "reviewed": false}}, {"model": "order.orderitem", "pk": 31, "fields": {"product": "Goerge", "price": "117.00", "duration": 4, "booked_date": null, "order": 27, "reviewed": false}}, {"model": "order.orderitem", "pk": 32, "fields": {"product": "Eve", "price": "117.00", "duration": 1, "booked_date": null, "order": 29, "reviewed": false}}, {"model": "order.orderitem", "pk": 33, "fields": {"product": "Goerge", "price": "117.00", "duration": 1, "booked_date": null, "order": 30, "reviewed": false}}, {"model": "order.orderitem", "pk": 34, "fields": {"product": "Edgar", "price": "126.00", "duration": 1, "booked_date": null, "order": 31, "reviewed": false}}, {"model": "order.orderitem", "pk": 35, "fields": {"product": "Eve", "price": "117.00", "duration": 1, "booked_date": "2025-04-14", "order": 32, "reviewed": false}}, {"model": "order.orderitem", "pk": 36, "fields": {"product": "Eve", "price": "117.00", "duration": 8, "booked_date": "2025-04-18", "order": 33, "reviewed": false}}, {"model": "order.orderitem", "pk": 37, "fields": {"product": "Edgar", "price": "126.00", "duration": 8, "booked_date": "2025-04-12", "order": 33, "reviewed": false}}, {"model": "order.orderitem", "pk": 38, "fields": {"product": "Eve", "price": "117.00", "duration": 3, "booked_date": "2025-04-19", "order": 34, "reviewed": false}}, {"model": "order.orderitem", "pk": 39, "fields": {"product": "Eve", "price": "117.00", "duration": 5, "booked_date": "2025-04-20", "order": 35, "reviewed": false}}, {"model": "order.orderitem", "pk": 40, "fields": {"product": "Edgar", "price": "126.00", "duration": 5, "booked_date": "2025-04-13", "order": 35, "reviewed": false}}, {"model": "order.orderitem", "pk": 41, "fields": {"product": "Edgar", "price": "140.00", "duration": 8, "booked_date": "2025-04-26", "order": 36, "reviewed": true}}, {"model": "order.orderitem", "pk": 42, "fields": {"product": "Louis", "price": "135.00", "duration": 6, "booked_date": "2025-04-12", "order": 37, "reviewed": true}}, {"model": "order.orderitem", "pk": 43, "fields": {"product": "Laura", "price": "126.00", "duration": 8, "booked_date": "2025-04-18", "order": 37, "reviewed": false}}]